City_ID,City,Lat,Lng,Max Temp,Humidity,Cloudiness,Wind Speed,Country,Date
0,stanley,54.868,-1.6985,13.2,86,20,2.06,GB,1696265396
1,waingapu,-9.6567,120.2641,25.19,85,80,2.74,ID,1696265900
2,blackmans bay,-43.0167,147.3167,9.85,68,3,4.35,AU,1696265351
3,san pedro pochutla,15.7333,-96.4667,31.56,59,94,1.37,MX,1696265901
4,pisco,-13.7,-76.2167,22.23,73,0,4.12,PE,1696265384
5,adamstown,-25.066,-130.1015,20.21,74,19,11.05,PN,1696265112
6,crane,31.3974,-102.3501,27.47,53,53,9.24,US,1696265410
7,west island,-12.1568,96.8225,24.99,73,40,7.72,CC,1696265346
8,utrik,11.2278,169.8474,28.59,79,60,6.81,MH,1696265394
9,puerto natales,-51.7236,-72.4875,9.25,61,75,5.66,CL,1696265390
10,bodo,67.28,14.405,8.3,79,75,3.6,NO,1696265903
11,ushuaia,-54.8,-68.3,6.81,42,40,4.63,AR,1696265109
12,palmer,42.1584,-72.3287,23.52,55,40,3.6,US,1696265427
13,grytviken,-54.2811,-36.5092,2.44,97,100,6.03,GS,1696265390
14,tazacorte,28.629,-17.9293,25.54,78,0,4.12,ES,1696265904
15,kapuskasing,49.4169,-82.4331,23.05,78,75,5.14,CA,1696265376
16,tazovsky,67.4667,78.7,7.0,97,100,7.15,RU,1696265392
17,salinopolis,-0.6136,-47.3561,30.29,64,76,6.52,BR,1696265905
18,jalai nur,49.45,117.7,11.15,54,100,4.65,CN,1696265905
19,jamestown,42.097,-79.2353,26.12,57,0,0.0,US,1696265408
20,lebu,-37.6167,-73.65,11.61,82,86,3.06,CL,1696265349
21,thinadhoo,0.5333,72.9333,28.16,75,90,5.05,MV,1696265385
22,port-aux-francais,-49.35,70.2167,0.99,61,100,14.93,TF,1696265388
23,puerto ayora,-0.7393,-90.3518,27.98,96,98,3.13,EC,1696265353
24,selfoss,63.9331,-20.9971,10.02,62,89,5.65,IS,1696265397
25,kyshtym,55.714,60.5528,12.32,74,100,2.5,RU,1696265908
26,tura,25.5198,90.2201,23.37,97,60,2.02,IN,1696265111
27,whitehorse,60.7161,-135.0538,4.43,86,40,6.17,CA,1696265397
28,al burayqah,30.4062,19.5739,24.59,60,0,7.6,LY,1696265909
29,fale old settlement,-9.3852,-171.2468,27.89,76,54,3.99,TK,1696265349
30,tiksi,71.6872,128.8694,-3.02,83,100,3.71,RU,1696265115
31,edinburgh of the seven seas,-37.0676,-12.3116,9.66,58,83,12.08,SH,1696265393
32,margaret river,-33.95,115.0667,12.64,64,100,7.79,AU,1696265110
33,shenkursk,62.1091,42.896,7.75,89,100,3.13,RU,1696265910
34,mukalla,14.5425,49.1242,28.49,72,11,2.8,YE,1696265910
35,iquique,-20.2208,-70.1431,20.02,73,25,3.12,CL,1696265353
36,chonchi,-42.6128,-73.8092,10.56,57,28,0.77,CL,1696265149
37,pacasmayo,-7.4006,-79.5714,22.73,68,12,6.97,PE,1696265911
38,waitangi,-43.9535,-176.5597,11.01,85,98,2.68,NZ,1696265391
39,tuensang,26.2833,94.8333,20.98,99,39,1.61,IN,1696265912
40,polyarnyy,69.1989,33.4478,2.85,70,88,5.11,RU,1696265132
41,isafjordur,66.0755,-23.124,4.02,75,75,7.2,IS,1696265352
42,le vauclin,14.5452,-60.8388,31.03,79,75,6.17,MQ,1696265913
43,newman,37.3138,-121.0208,20.13,58,4,0.41,US,1696265913
44,constantia,44.1833,28.65,18.38,43,8,6.65,RO,1696265400
45,port lincoln,-34.7333,135.8667,12.88,78,61,4.55,AU,1696265125
46,peniche,39.3558,-9.3811,26.16,79,0,2.49,PT,1696265914
47,san patricio,28.017,-97.5169,28.94,68,38,6.52,US,1696265166
48,angaur state,6.906,134.13,28.27,76,64,2.06,PW,1696265914
49,la sarre,48.8002,-79.1996,22.4,67,94,5.22,CA,1696265915
50,bilibino,68.0546,166.4372,-8.57,99,99,1.28,RU,1696265110
51,vilyuchinsk,52.9306,158.4028,8.85,86,100,11.35,RU,1696265355
52,okhotsk,59.3833,143.3,6.18,77,25,3.12,RU,1696265916
53,port elizabeth,-33.918,25.5701,20.16,81,20,3.09,ZA,1696265290
54,ribeira grande,38.5167,-28.7,22.22,60,20,5.14,PT,1696265390
55,bandarbeyla,9.4942,50.8122,26.43,87,41,4.86,SO,1696265917
56,albany,42.6001,-73.9662,23.78,49,14,1.34,US,1696265375
57,ola,59.5833,151.2833,6.34,79,29,4.32,RU,1696265386
58,diapaga,12.0708,1.7889,33.09,42,100,2.59,BF,1696265918
59,hawaiian paradise park,19.5933,-154.9731,22.24,95,20,2.57,US,1696265390
60,port mathurin,-19.6833,63.4167,23.57,85,67,6.94,MU,1696265396
61,yellowknife,62.456,-114.3525,6.34,100,75,1.03,CA,1696265393
62,ninghai,29.2892,121.4247,19.26,82,12,2.11,CN,1696265919
63,vila franca do campo,37.7167,-25.4333,23.27,99,100,4.95,PT,1696265418
64,alice springs,-23.7,133.8833,28.75,20,59,6.17,AU,1696265364
65,hermanus,-34.4187,19.2345,16.46,77,0,0.94,ZA,1696265393
66,vredendal,-31.6683,18.5012,22.27,37,0,3.6,ZA,1696265920
67,mossel bay,-34.1831,22.146,25.96,66,0,2.42,ZA,1696265921
68,avarua,-21.2078,-159.775,20.03,83,75,5.66,CK,1696265103
69,yung shue wan,22.2333,114.1167,28.75,80,81,4.95,HK,1696265921
70,mysliborz,52.9238,14.8679,22.14,65,97,2.45,PL,1696265922
71,atafu village,-8.5421,-172.5159,28.01,74,20,1.03,TK,1696265396
72,invercargill,-46.4,168.35,2.23,86,12,1.34,NZ,1696265349
73,college,64.8569,-147.8028,1.15,91,100,1.54,US,1696265394
74,lihue,21.9789,-159.3672,22.58,86,40,3.09,US,1696265361
75,yeppoon,-23.1333,150.7333,18.88,80,0,5.13,AU,1696265923
76,rio grande,-32.035,-52.0986,22.06,67,0,3.21,BR,1696265923
77,ilulissat,69.2167,-51.1,-0.99,55,0,1.54,GL,1696265391
78,grand-bassam,5.2118,-3.7388,26.98,80,52,4.57,CI,1696265422
79,kailua-kona,19.6406,-155.9956,25.33,78,40,3.13,US,1696265351
80,namibe,-15.1961,12.1522,19.55,77,6,2.83,AO,1696265393
81,sitka,57.0531,-135.33,10.94,87,100,3.09,US,1696265422
82,iqaluit,63.7506,-68.5145,5.85,70,75,6.17,CA,1696265390
83,bei'an,24.5399,109.533,25.6,84,96,0.81,CN,1696265925
84,las tablas,7.7667,-80.2833,27.39,82,97,0.61,PA,1696265925
85,sokolovyy,51.5686,45.8331,15.71,45,100,1.92,RU,1696265926
86,hamilton,39.1834,-84.5333,29.03,53,0,2.06,US,1696265185
87,bethel,41.3712,-73.414,25.3,64,0,2.06,US,1696265389
88,kindu,-2.95,25.95,27.19,57,90,1.15,CD,1696265927
89,leh,34.1667,77.5833,8.08,53,58,2.54,IN,1696265927
90,dukhovnitskoye,52.4828,48.2137,15.93,52,100,2.47,RU,1696265927
91,haiku-pauwela,20.9219,-156.3051,23.36,83,0,3.09,US,1696265396
92,toliara,-23.35,43.6667,22.21,57,80,8.89,MG,1696265409
93,vernon,50.2581,-119.2691,12.94,79,71,2.06,CA,1696265399
94,dalhart,36.0595,-102.5133,22.49,73,100,7.72,US,1696265929
95,anton lizardo,19.05,-95.9833,27.9,80,98,3.43,MX,1696265929
96,gebeit,21.0667,36.3167,30.81,42,34,3.2,SD,1696265929
97,katsuura,35.1333,140.3,21.29,61,45,3.13,JP,1696265930
98,raja,8.4596,25.678,21.18,91,100,1.18,SS,1696265930
99,olonkinbyen,70.9221,-8.7187,2.92,88,100,8.47,SJ,1696265396
100,champerico,14.3,-91.9167,31.3,73,99,1.85,GT,1696265930
101,kiunga,-6.1219,141.2906,23.22,99,100,0.17,PG,1696265931
102,mikhaylovskoye,51.8239,79.7172,6.33,55,23,3.21,RU,1696265931
103,longyearbyen,78.2186,15.6401,-3.09,74,100,11.32,SJ,1696265352
104,christchurch,-43.5333,172.6333,6.06,75,75,4.63,NZ,1696265599
105,la passe,45.5549,-0.8967,31.13,69,9,4.04,FR,1696265114
106,kerikeri,-35.2268,173.9474,11.62,91,62,2.93,NZ,1696265394
107,hithadhoo,-0.6,73.0833,28.08,74,23,5.96,MV,1696265410
108,kudahuvadhoo,2.6708,72.8944,28.09,78,96,5.23,MV,1696265933
109,gunjur,13.2019,-16.7339,34.04,59,40,2.57,GM,1696265933
110,ust-nera,64.5667,143.2,-1.55,81,30,0.89,RU,1696265348
111,'ain el hadjar,34.7585,0.1453,28.63,18,0,5.6,DZ,1696265934
112,nallihan,40.1859,31.3518,15.58,72,34,3.56,TR,1696265934
113,praia da vitoria,38.7333,-27.0667,23.2,68,20,5.51,PT,1696265397
114,georgetown,5.4112,100.3354,28.86,92,20,2.24,MY,1696265184
115,odesskoye,54.2111,72.9651,8.91,48,0,2.48,RU,1696265935
116,urengoy,65.9667,78.3667,5.62,99,100,5.36,RU,1696265935
117,kwang binh,17.4833,106.6,26.82,86,59,0.88,VN,1696265936
118,badger,64.8,-147.5333,1.1,93,100,1.54,US,1696265431
119,ishigaki,24.3448,124.1572,28.07,83,100,6.69,JP,1696265937
120,port alfred,-33.5906,26.891,18.99,83,0,0.45,ZA,1696265403
121,harper,4.375,-7.7169,26.26,80,73,5.18,LR,1696265937
122,key west,24.5557,-81.7826,31.11,77,75,6.17,US,1696265732
123,bennington,42.8781,-73.1968,23.93,55,0,1.54,US,1696265921
124,carboneras,37.0015,-1.9213,30.28,60,0,4.54,ES,1696265938
125,pacific grove,36.6177,-121.9166,14.89,95,100,0.89,US,1696265738
126,camarinas,43.1311,-9.1817,22.88,84,100,3.81,ES,1696265939
127,takedamachi,32.9667,131.4,14.87,86,90,0.67,JP,1696265939
128,port-vila,-17.7338,168.3219,22.78,83,100,5.66,VU,1696265939
129,chernyshevsk,52.5243,117.0174,4.94,84,50,1.25,RU,1696265940
130,sinop,41.7711,34.8709,13.45,91,73,2.23,TR,1696265940
131,basmat,19.3167,77.1667,24.0,75,100,2.96,IN,1696265940
132,zlatoust,55.1711,59.6508,11.66,57,100,3.13,RU,1696265941
133,karanlukh,40.1044,45.2897,9.54,75,90,2.14,AM,1696265941
134,portland,45.5234,-122.6762,14.86,78,100,2.57,US,1696265647
135,fomboni,-12.28,43.7425,26.28,74,4,4.35,KM,1696265942
136,kodiak,57.79,-152.4072,6.73,65,0,3.09,US,1696265399
137,khandyga,62.6667,135.6,5.25,87,88,1.64,RU,1696265408
138,luderitz,-26.6481,15.1594,17.37,71,1,3.95,NA,1696265412
139,dudinka,69.4058,86.1778,-1.85,96,100,10.28,RU,1696265350
140,basco,20.4487,121.9702,28.06,80,100,14.88,PH,1696265943
141,punta cardon,11.6581,-70.215,29.7,71,91,2.52,VE,1696265837
142,punta arenas,-53.15,-70.9167,6.06,61,100,5.66,CL,1696265391
143,hasaki,35.7333,140.8333,17.22,51,43,4.67,JP,1696265390
144,papatowai,-46.5619,169.4708,2.95,80,50,2.75,NZ,1696265391
145,richards bay,-28.783,32.0377,18.32,55,0,6.23,ZA,1696265368
146,apolinario saravia,-24.4328,-63.9954,33.68,23,1,6.23,AR,1696265945
147,arraial do cabo,-22.9661,-42.0278,21.98,88,75,5.14,BR,1696265416
148,udachny,66.4167,112.4,-5.86,85,13,2.52,RU,1696265348
149,nadi,-17.8,177.4167,21.0,78,40,4.12,FJ,1696265418
150,qaqortoq,60.7167,-46.0333,6.53,48,100,1.26,GL,1696265397
151,phatthalung,7.5,100.0833,26.33,84,100,1.6,TH,1696265947
152,marcos juarez,-32.6978,-62.1067,27.2,19,60,5.53,AR,1696265947
153,chicoana,-25.1009,-65.5331,28.36,20,0,3.73,AR,1696265948
154,keflavik,64.0049,-22.5624,8.95,76,75,11.32,IS,1696265425
155,vorgashor,67.5833,63.95,4.56,92,100,7.75,RU,1696265414
156,mejit,10.2753,170.8646,28.48,79,90,7.07,MH,1696265145
157,petropavlovsk-kamchatsky,53.0452,158.6483,8.03,88,100,6.71,RU,1696265389
158,lockwood,45.8191,-108.4149,12.45,78,100,0.0,US,1696265949
159,thunder bay,48.4001,-89.3168,21.99,73,75,2.57,CA,1696265812
160,kelso,46.1468,-122.9084,13.59,90,100,3.13,US,1696265950
161,ladek-zdroj,50.3437,16.8795,17.07,81,67,2.37,PL,1696265950
162,dalandzadgad,43.5708,104.425,11.07,42,16,2.83,MN,1696265950
163,juneau,58.3019,-134.4197,10.12,97,100,4.63,US,1696265788
164,xinyuan,37.3,99.0,4.85,61,30,1.29,CN,1696265951
165,hurricane,37.1753,-113.2899,15.82,62,56,0.89,US,1696265951
166,saarijarvi,62.7049,25.254,7.09,89,97,1.88,FI,1696265952
167,kirakira,-10.4544,161.9205,26.54,89,90,5.62,SB,1696265384
168,sao felix do xingu,-6.6447,-51.995,41.51,18,62,1.85,BR,1696265952
169,mount pearl,47.5166,-52.7813,16.19,82,75,3.6,CA,1696265356
170,lerwick,60.1545,-1.1494,13.0,77,24,10.12,GB,1696265398
171,sinabang,2.4803,96.3801,26.7,79,93,5.2,ID,1696265421
172,kununurra,-15.7667,128.7333,24.99,73,63,2.57,AU,1696265954
173,taoudenni,22.6783,-3.9836,42.08,10,80,0.99,ML,1696265954
174,kone,-21.0595,164.8658,18.55,86,41,2.74,NC,1696265429
175,holualoa,19.6228,-155.9522,23.26,76,40,3.13,US,1696265955
176,strezhevoy,60.7333,77.5889,9.42,83,44,4.47,RU,1696265408
177,fort mcmurray,56.7268,-111.381,9.73,87,100,1.03,CA,1696265139
178,ancud,-41.8697,-73.8203,9.72,60,17,2.51,CL,1696265345
179,santa elena de uairen,4.6167,-61.1333,31.1,29,94,4.07,VE,1696265956
180,coppenbrugge,52.1167,9.55,22.18,67,100,1.22,DE,1696265956
181,new norfolk,-42.7826,147.0587,10.51,74,1,1.23,AU,1696265134
182,bontang,0.1333,117.5,25.97,85,94,3.23,ID,1696265403
183,benguela,-12.5763,13.4055,23.18,76,22,2.31,AO,1696265957
184,ta`u,-14.2336,-169.5144,26.69,80,94,11.28,AS,1696265427
185,robore,-18.3333,-59.75,34.05,52,20,6.17,BO,1696265377
186,san luis de la loma,17.2706,-100.8939,31.04,62,97,1.87,MX,1696265360
187,port saint john's,-31.6229,29.5448,19.23,74,0,9.19,ZA,1696265400
188,ban dung,17.699,103.2596,24.22,92,15,1.82,TH,1696265959
189,hadibu,12.65,54.0333,27.48,78,74,1.28,YE,1696265959
190,walvis bay,-22.9575,14.5053,19.53,68,0,5.14,NA,1696265415
191,thompson,55.7435,-97.8558,4.09,93,100,2.06,CA,1696265389
192,mountain home,43.133,-115.6912,13.01,92,100,3.6,US,1696265960
193,filey,54.21,-0.2892,15.99,85,100,4.52,GB,1696265960
194,kupang,-10.1667,123.5833,26.32,83,10,3.09,ID,1696265422
195,zavoronezhskoye,52.8801,40.5526,12.88,88,96,3.13,RU,1696265961
196,les anglais,18.3054,-74.2197,30.53,73,100,2.08,HT,1696265961
197,east london,-33.0153,27.9116,19.52,77,0,7.2,ZA,1696265962
198,maputo,-25.9653,32.5892,20.82,49,20,4.12,MZ,1696265962
199,lyantor,61.6195,72.1555,10.79,75,100,8.85,RU,1696265962
200,sidi ifni,29.3797,-10.173,39.86,40,23,3.87,MA,1696265963
201,es castell,39.8795,4.2854,25.38,73,40,3.6,ES,1696265407
202,usinsk,65.9939,57.5281,5.24,95,100,7.04,RU,1696265963
203,mhamid,29.82,-5.72,32.8,15,92,6.05,MA,1696265963
204,olyokminsk,60.3736,120.4264,1.11,85,99,1.34,RU,1696265407
205,nar'yan-mar,67.6713,53.087,3.95,78,97,9.39,RU,1696265363
206,nanga eboko,4.6833,12.3667,24.08,85,85,0.85,CM,1696265964
207,el sauzal de rodriguez,31.9,-116.6833,18.01,71,0,1.63,MX,1696265965
208,naze,28.3667,129.4833,26.51,79,82,9.05,JP,1696265965
209,nova sintra,14.8667,-24.7167,24.07,78,81,1.91,CV,1696265391
210,huarmey,-10.0681,-78.1522,22.53,74,22,5.09,PE,1696265966
211,sirte,31.2089,16.5887,24.58,59,0,5.04,LY,1696265966
212,cuyo,10.8525,121.0086,29.09,80,100,7.84,PH,1696265966
213,road town,18.4167,-64.6167,32.02,70,40,5.14,VG,1696265967
214,freetown,8.484,-13.2299,26.84,89,75,3.6,SL,1696265369
215,claudio,-20.4433,-44.7658,27.74,54,97,4.96,BR,1696265968
216,klyuchi,52.2667,79.1667,6.58,47,2,3.25,RU,1696265141
217,arfoud,31.4348,-4.2375,30.88,16,32,1.01,MA,1696265968
218,truckee,39.328,-120.1833,10.12,71,40,1.34,US,1696265875
219,codrington,-38.2667,141.9667,16.86,69,76,7.76,AU,1696265392
220,bengkulu,-3.8004,102.2655,22.54,93,34,3.17,ID,1696265969
221,st. john's,47.5649,-52.7093,16.66,83,75,3.6,CA,1696265288
222,saint joseph,39.7686,-94.8466,30.24,57,0,3.09,US,1696265970
223,beckley,37.7782,-81.1882,25.93,63,0,0.45,US,1696265970
224,bundaberg north,-24.8551,152.3425,17.34,96,0,2.49,AU,1696265970
225,savanna-la-mar,18.219,-78.1332,31.97,60,20,1.68,JM,1696265971
226,lewistown,40.5992,-77.5714,26.45,81,0,0.0,US,1696265429
227,yoloten,37.2989,62.3597,21.46,21,76,5.73,TM,1696265971
228,misratah,32.3754,15.0925,24.87,58,0,5.48,LY,1696265971
229,muang khong,14.1167,105.85,24.11,99,100,1.47,LA,1696265972
230,ma'rib,15.4591,45.3253,27.47,16,0,1.35,YE,1696265972
231,lazaro cardenas,17.9583,-102.2,31.28,67,94,1.42,MX,1696265116
232,suva,-18.1416,178.4415,21.71,78,75,3.09,FJ,1696265419
233,nogliki,51.8333,143.1667,10.75,96,100,11.18,RU,1696265973
234,iskateley,67.6803,53.1512,3.9,78,98,9.39,RU,1696265391
235,waraseoni,21.75,80.0333,24.64,90,100,2.24,IN,1696265974
236,sechelt,49.4664,-123.7694,12.97,89,100,2.85,CA,1696265764
237,lakeview,42.432,-75.8655,23.41,83,22,0.45,US,1696265974
238,cadale,2.7603,46.3222,26.22,83,4,7.58,SO,1696265376
239,pingliang,35.5392,106.6861,11.15,96,3,1.52,CN,1696265975
240,riverton,40.5219,-111.9391,12.38,82,100,4.02,US,1696265975
241,tangalle,6.024,80.7911,25.19,88,69,2.82,LK,1696265426
242,goleniow,53.5639,14.8285,21.62,88,20,1.54,PL,1696265976
243,gadzhiyevo,69.2551,33.3362,2.56,70,92,5.32,RU,1696265358
244,wailua homesteads,22.0669,-159.378,22.24,85,40,3.09,US,1696265347
245,qusmuryn,52.4503,64.6311,12.95,54,52,1.28,KZ,1696265977
246,dunedin,-45.8742,170.5036,6.0,81,78,3.13,NZ,1696265411
247,kingston,17.997,-76.7936,34.58,64,20,1.54,JM,1696265403
248,cidreira,-30.1811,-50.2056,16.54,61,1,4.31,BR,1696265133
249,mbanza kongo,-6.267,14.2401,28.19,60,74,0.71,AO,1696265978
250,afaahiti,-17.75,-149.2833,23.93,87,78,7.78,PF,1696265355
251,machilipatnam,16.1667,81.1333,27.22,83,100,2.5,IN,1696265978
252,forster,-32.1667,152.5167,12.94,100,16,2.82,AU,1696265846
253,redencao,-4.2258,-38.7306,37.01,28,82,5.07,BR,1696265979
254,pyhajarvi,67.0701,27.2176,4.55,80,100,1.45,FI,1696265979
255,marquette,46.5333,-87.6335,27.87,49,70,3.13,US,1696265980
256,newport,51.5877,-2.9984,18.03,90,100,2.16,GB,1696265976
257,katsuren-haebaru,26.3369,127.8719,28.21,94,100,6.69,JP,1696265980
258,dunyapur,29.7995,71.7196,27.03,22,0,1.56,PK,1696265980
259,zemio,5.0314,25.1361,22.8,94,99,1.52,CF,1696265981
260,machico,32.7,-16.7667,28.17,67,20,6.69,PT,1696265416
261,gobabis,-22.45,18.9667,28.94,12,4,4.67,NA,1696265399
262,onguday,50.75,86.15,4.32,86,3,1.2,RU,1696265982
263,verkhnevilyuysk,63.4453,120.3167,-0.58,76,100,1.83,RU,1696265982
264,vanimo,-2.6741,141.3028,25.75,87,94,2.3,PG,1696265982
265,utashinai,43.5167,142.05,10.6,87,91,4.44,JP,1696265982
266,al kharijah,25.4514,30.5464,29.63,27,61,7.09,EG,1696265430
267,howrah,22.5892,88.3103,27.0,89,75,2.57,IN,1696265349
268,susuman,62.7833,148.1667,-1.68,82,11,1.34,RU,1696265416
269,chalisgaon,20.4667,75.0167,25.37,78,27,3.02,IN,1696265984
270,mutuali,-14.8706,37.0044,28.56,35,10,5.4,MZ,1696265984
271,kas,36.2018,29.6377,22.99,68,18,2.13,TR,1696265984
272,akureyri,65.6835,-18.0878,4.96,81,100,5.66,IS,1696265985
273,tevriz,57.509,72.4042,9.98,71,53,3.84,RU,1696265985
274,margate,51.3813,1.3862,20.73,89,96,1.34,GB,1696265985
275,torghay,49.6339,63.4981,13.95,49,8,3.84,KZ,1696265986
276,bandar-e lengeh,26.5579,54.8807,32.06,62,0,3.09,IR,1696265986
277,rumbek,6.802,29.6912,26.14,72,74,1.29,SS,1696265986
278,san matias,-16.3667,-58.4,39.76,24,31,3.19,BO,1696265987
279,doba,8.65,16.85,27.51,72,98,1.41,TD,1696265987
280,pitimbu,-7.4706,-34.8086,30.33,62,74,5.04,BR,1696265987
281,cabo san lucas,22.8909,-109.9124,33.12,66,5,3.53,MX,1696265263
282,arno,60.1167,18.6333,13.77,91,100,3.38,SE,1696265988
283,bredasdorp,-34.5322,20.0403,15.94,64,0,2.17,ZA,1696265120
284,puerto deseado,-47.7503,-65.8938,10.14,58,0,6.65,AR,1696265410
285,ntui,4.45,11.6333,23.41,94,79,2.0,CM,1696265989
286,atherton,53.5237,-2.4935,13.75,92,100,0.89,GB,1696265989
287,pangai,-19.8,-174.35,21.64,71,100,10.69,TO,1696265424
288,uturoa,-16.7333,-151.4333,26.1,79,13,6.4,PF,1696265990
289,fengkou,30.0833,113.2667,18.35,89,100,3.5,CN,1696265990
290,wabag,-5.4781,143.7021,13.72,99,100,0.22,PG,1696265990
291,taroa,8.7058,171.2275,28.17,79,98,6.15,MH,1696265991
292,pangody,65.85,74.4859,9.35,93,100,7.89,RU,1696265991
293,chongwe,-15.3292,28.682,27.32,36,0,4.9,ZM,1696265991
294,springbok,-29.6643,17.8865,22.76,26,0,2.33,ZA,1696265992
295,alamosa,37.4695,-105.87,13.99,72,75,5.66,US,1696265712
296,lexington,37.9887,-84.4777,28.32,41,0,4.12,US,1696265909
297,sao jose da coroa grande,-8.8978,-35.1478,27.13,62,4,4.32,BR,1696265386
298,jaggayyapeta,16.9,80.1,25.97,89,100,0.39,IN,1696265993
299,quellon,-43.1167,-73.6167,9.38,67,23,2.4,CL,1696265410
300,tivat,42.4364,18.6961,25.96,62,0,0.51,ME,1696265994
301,cockburn town,21.4612,-71.1419,30.98,58,20,5.14,TC,1696265413
302,inyonga,-6.7167,32.0667,26.85,18,43,1.71,TZ,1696265994
303,ad dabbah,18.05,30.95,37.25,13,12,1.23,SD,1696265995
304,touros,-5.1989,-35.4608,29.25,59,37,6.82,BR,1696265423
305,chegdomyn,51.1167,133.0167,5.18,89,70,0.89,RU,1696265995
306,melnik,50.3505,14.4741,25.49,52,94,1.79,CZ,1696265996
307,antsiranana,-12.2787,49.2917,24.36,82,85,3.99,MG,1696265396
308,novyy oskol,50.7631,37.8691,12.25,71,80,2.18,RU,1696265996
309,vila velha,-20.3297,-40.2925,28.97,83,20,4.63,BR,1696265996
310,zhaqsy,51.9083,67.3133,9.91,62,3,2.53,KZ,1696265997
311,puerto baquerizo moreno,-0.9,-89.6,25.55,83,75,6.17,EC,1696265408
312,rio preto da eva,-2.6994,-59.6997,41.68,18,100,2.58,BR,1696265997
313,shahrisabz,39.0578,66.8342,16.53,22,0,1.4,UZ,1696265998
314,carutapera,-1.195,-46.02,31.9,54,86,5.26,BR,1696265417
315,sterling,39.0062,-77.4286,27.9,61,40,2.68,US,1696265998
316,remire-montjoly,4.9167,-52.2667,32.02,62,75,6.17,GF,1696265140
317,vadso,70.0744,29.7487,3.09,70,100,3.6,NO,1696265427
318,znamensk,48.5842,45.7338,17.45,41,95,1.97,RU,1696265999
319,anadyr,64.75,177.4833,-0.72,92,0,4.0,RU,1696265999
320,kitakyushu,33.8333,130.8333,20.92,62,75,5.66,JP,1696266000
321,amaraji,-8.3831,-35.4525,29.75,46,39,5.45,BR,1696266000
322,la penita de jaltomba,21.0333,-105.25,32.72,81,82,1.64,MX,1696265816
323,morehead city,34.7229,-76.726,27.24,60,0,5.14,US,1696265412
324,smithers,54.7804,-127.1743,7.18,100,100,1.54,CA,1696266004
325,camalu,30.85,-116.0667,18.14,60,0,2.38,MX,1696266006
326,berdigestyakh,62.0989,126.6992,4.05,77,100,0.45,RU,1696266006
327,south hedland,-20.4089,118.5983,22.96,83,9,3.09,AU,1696266007
328,horsham,51.064,-0.3272,20.53,84,40,2.57,GB,1696266008
329,dabou,5.3256,-4.3769,27.23,77,73,3.05,CI,1696266008
330,kuqa,41.7278,82.9364,19.84,29,72,2.34,CN,1696265382
331,hailey,43.5196,-114.3153,10.44,72,0,0.0,US,1696266010
332,vallenar,-28.5708,-70.7581,18.11,46,3,5.07,CL,1696266010
333,carnarvon,-24.8667,113.6333,17.53,64,0,11.39,AU,1696265368
334,mont-dore,-22.2833,166.5833,17.99,82,25,3.77,NC,1696266011
335,pandan,14.0453,124.1694,28.64,80,100,6.9,PH,1696266011
336,chibougamau,49.9168,-74.3659,18.79,48,100,6.69,CA,1696266012
337,freeport,40.6576,-73.5832,25.73,63,0,5.14,US,1696265776
338,cannonvale,-20.2833,148.7,21.66,97,33,1.92,AU,1696266013
339,lohaghat,29.4036,80.0897,15.17,91,0,0.83,IN,1696266013
340,nabari,34.6167,136.0833,16.68,79,44,1.15,JP,1696266014
341,nantucket,41.2835,-70.0995,21.08,78,0,10.29,US,1696265772
342,pahlgam,34.0333,75.3333,9.26,71,9,1.01,IN,1696266014
343,lompoc,34.6391,-120.4579,21.03,83,75,2.06,US,1696265309
344,swakopmund,-22.6833,14.5333,19.47,85,44,2.68,NA,1696266015
345,tongouson,5.0214,120.1328,28.76,72,100,4.81,PH,1696265425
346,paphos,34.7667,32.4167,24.88,65,3,1.54,CY,1696265861
347,luanda,-8.8368,13.2343,25.0,78,40,6.17,AO,1696265801
348,penzance,50.1186,-5.5371,15.38,95,100,6.97,GB,1696266017
349,mount isa,-20.7333,139.5,14.87,41,0,0.0,AU,1696265783
350,bubaque,11.2833,-15.8333,29.48,71,100,2.31,GW,1696265418
351,hongjiang,27.11,109.9956,22.17,89,90,1.05,CN,1696266018
352,enewetak,11.3474,162.3373,28.96,78,98,6.71,MH,1696265999
353,labuan,5.2767,115.2417,26.2,94,20,0.0,MY,1696266018
354,fort bragg,35.139,-79.006,27.17,54,20,3.13,US,1696266019
355,namdrik,5.5994,168.1028,28.73,73,8,1.81,MH,1696266020
356,tuskegee,32.424,-85.6916,28.94,45,0,2.68,US,1696266020
357,muravlenko,63.7898,74.523,10.21,84,100,9.56,RU,1696266022
358,piton saint-leu,-21.2196,55.3151,22.06,73,100,1.54,RE,1696266022
359,yarmouth,41.7057,-70.2286,19.98,78,0,7.6,US,1696266025
360,manay,7.215,126.5397,25.18,89,100,2.28,PH,1696266026
361,bratslav,48.8226,28.9407,13.33,50,1,3.21,UA,1696266026
362,majenang,-7.2975,108.7642,22.0,99,86,1.36,ID,1696266027
363,saipan,15.1355,145.701,28.39,89,40,4.12,MP,1696266027
364,as suki,13.3167,33.8833,33.46,35,31,4.33,SD,1696266028
365,san antonio de pale,-1.4014,5.6325,25.25,86,100,6.17,GQ,1696266028
366,bonthe,7.5264,-12.505,28.14,75,100,3.98,SL,1696266030
367,dordrecht,51.81,4.6736,23.34,77,92,0.89,NL,1696266030
368,kaura namoda,12.5898,6.5779,27.24,67,89,6.0,NG,1696266031
369,nuuk,64.1835,-51.7216,2.71,69,99,0.58,GL,1696265983
370,rapid city,44.0805,-103.231,19.14,74,100,2.57,US,1696266031
371,turpan,42.9333,89.1667,22.75,29,63,0.97,CN,1696266032
372,tarrafal de sao nicolau,16.5667,-24.3667,26.16,84,50,6.37,CV,1696266032
373,beloyarskiy,63.7119,66.6722,9.44,88,69,4.02,RU,1696266032
374,kenai,60.5544,-151.2583,6.05,92,100,0.0,US,1696266033
375,konarka,19.9,86.1167,25.22,91,99,2.21,IN,1696266033
376,chamzinka,54.4019,45.7839,14.91,92,100,3.42,RU,1696266034
377,yinchuan,38.4681,106.2731,17.81,51,0,1.45,CN,1696266034
378,kaspiyskiy,45.3929,47.3707,21.1,63,100,4.51,RU,1696266034
379,saint-pierre,-21.3393,55.4781,23.82,73,100,1.54,RE,1696266035
380,makinsk,52.6292,70.4169,6.82,54,0,1.9,KZ,1696266035
381,liaoyuan,42.9036,125.1358,11.9,69,68,3.23,CN,1696266036
382,merthyr tydfil,51.7479,-3.3778,15.29,86,100,0.92,GB,1696266036
383,tindouf,27.6711,-8.1474,36.25,15,95,6.17,DZ,1696266037
384,flying fish cove,-10.4217,105.6791,23.82,83,75,5.66,CX,1696266037
385,antalaha,-14.9003,50.2788,24.15,79,17,1.55,MG,1696266037
386,wewak,-3.5534,143.6268,25.18,90,100,1.82,PG,1696266038
387,chimbote,-9.0853,-78.5783,17.78,91,23,5.04,PE,1696266038
388,grootfontein,-19.5667,18.1167,34.76,15,47,4.12,NA,1696266038
389,sanming,26.2486,117.6186,23.31,95,54,0.73,CN,1696266039
390,celestun,20.8667,-90.4,28.95,71,45,2.54,MX,1696266039
391,lubao,14.9167,120.55,27.84,91,100,2.76,PH,1696266040
392,kegeyli shahar,42.7767,59.6078,17.05,55,0,5.82,UZ,1696266040
393,colonia,50.9333,6.95,25.54,56,0,2.57,DE,1696265834
394,kenora,49.8167,-94.4337,23.54,60,40,4.63,CA,1696266041
395,murzuq,25.9155,13.9184,29.16,30,3,4.51,LY,1696266041
396,novoishimskiy,53.1981,66.7694,11.67,60,19,1.02,KZ,1696266041
397,ananindeua,-1.3656,-48.3722,30.95,74,75,8.23,BR,1696265995
398,ormond-by-the-sea,29.3491,-81.0665,29.49,64,66,5.29,US,1696266042
399,xining,36.6167,101.7667,11.62,80,62,0.66,CN,1696266042
400,pauini,-7.7136,-66.9764,37.98,33,100,1.84,BR,1696266042
401,binkolo,8.9533,-11.9779,28.12,90,96,0.95,SL,1696266043
402,aqadyr,48.2553,72.8483,8.86,88,100,2.93,KZ,1696266043
403,hailar,49.2,119.7,10.48,44,100,1.67,CN,1696266044
404,yuzhno-kurilsk,44.0306,145.8556,14.65,74,10,6.35,RU,1696266044
405,coquimbo,-29.9533,-71.3436,16.85,63,75,3.6,CL,1696266045
406,jurm,36.8648,70.8342,12.02,44,0,0.22,AF,1696266045
407,edd,13.9297,41.6925,32.42,60,0,3.55,ER,1696266045
408,mugia,43.1041,-9.2179,22.87,87,100,4.93,ES,1696266045
409,ketchikan,55.3422,-131.6461,10.99,88,100,2.88,US,1696266046
410,la ronge,55.1001,-105.2842,7.14,76,100,4.12,CA,1696266046
411,ternate,0.8,127.4,27.35,80,100,2.18,ID,1696266047
412,voi,-3.3945,38.563,25.64,47,27,6.41,KE,1696266047
413,qashar,53.3906,62.9297,7.88,57,13,3.54,KZ,1696266047
414,zaozersk,69.4005,32.4476,2.03,80,96,4.72,RU,1696266048
415,barah,13.7,30.3667,35.23,27,63,5.1,SD,1696266016
416,shingu,33.7333,135.9833,14.9,70,54,1.78,JP,1696266049
417,rundu,-17.9333,19.7667,29.34,26,79,3.27,NA,1696266049
418,tralee,52.2704,-9.7026,15.14,77,40,2.57,IE,1696266049
419,fisterra,42.9049,-9.2629,22.79,86,99,4.32,ES,1696266049
420,faranah,10.0404,-10.7434,26.49,88,100,0.91,GN,1696266050
421,victorica,-36.2151,-65.4359,25.93,24,41,3.25,AR,1696266050
422,colares,38.7992,-9.4469,27.41,65,0,5.14,PT,1696266050
423,wynyard,-41.0,145.7167,10.52,94,26,1.3,AU,1696266051
424,jiangzi,28.95,89.6333,7.48,57,13,2.48,CN,1696266051
425,inirida,3.8653,-67.9239,34.3,49,100,1.29,CO,1696266051
426,angicos,-5.6656,-36.6011,37.29,22,58,4.58,BR,1696266052
427,deschutes river woods,43.9915,-121.3584,12.85,61,75,3.6,US,1696266052
428,aral,40.5156,81.2636,20.7,24,56,1.5,CN,1696266053
429,shahpura,27.3833,75.9667,27.57,25,2,2.4,IN,1696266053
430,dakhla,23.6848,-15.958,25.01,65,0,8.75,EH,1696266053
431,amga,60.8953,131.9608,7.21,79,100,1.34,RU,1696266054
432,cruz alta,-28.6386,-53.6064,20.5,50,34,3.59,BR,1696266045
433,zhongxiang,31.1661,112.5831,16.02,95,100,5.17,CN,1696266054
434,callao,-12.0667,-77.15,21.16,78,100,2.06,PE,1696266055
435,kavaratti,10.5669,72.642,28.07,75,98,3.65,IN,1696266055
436,laibin,23.7,109.2667,26.69,82,98,2.03,CN,1696266056
437,el porvenir,13.7617,-87.3458,30.24,53,68,0.42,HN,1696266056
438,alaghsas,17.0187,8.0168,32.94,29,69,6.17,NE,1696266057
439,hilo,19.7297,-155.09,22.92,94,94,0.89,US,1696266057
440,fougamou,-1.2154,10.5838,26.71,85,83,1.48,GA,1696266058
441,gizo,-8.103,156.8419,27.54,81,85,5.84,SB,1696266058
442,nemencine,54.85,25.4833,14.59,72,92,2.45,LT,1696266058
443,barra de santo antonio,-9.4047,-35.5072,30.6,50,3,4.58,BR,1696266059
444,barcelos,41.5388,-8.6151,24.4,71,26,1.49,PT,1696266059
445,warrnambool,-38.3833,142.4833,21.31,54,73,9.56,AU,1696265937
446,breyten,-26.3018,29.987,17.38,42,0,2.23,ZA,1696266060
447,calella,41.618,2.6678,27.41,87,10,2.26,ES,1696266060
448,hammerfest,70.6634,23.6821,2.25,87,75,0.0,NO,1696266062
449,itaueira,-7.6033,-43.0256,40.68,12,10,2.26,BR,1696266062
450,nagqu,31.5,92.0,4.32,89,79,2.2,CN,1696266063
451,kuanda,56.3161,116.0806,-2.35,70,36,0.58,RU,1696266063
452,tinghir,31.5157,-5.5343,26.78,24,49,2.5,MA,1696266064
453,zabaykal'sk,49.6333,117.3167,9.34,68,100,4.19,RU,1696266064
454,awjilah,29.1081,21.2869,26.75,34,50,4.05,LY,1696266065
455,bela,25.9333,81.9833,26.3,81,100,1.33,IN,1696266065
456,ivdel',60.6911,60.4206,12.88,78,100,3.51,RU,1696266065
457,kolonia town,6.964,158.206,28.86,73,19,1.85,FM,1696266066
458,almeirim,-1.5233,-52.5817,34.18,47,77,2.6,BR,1696266066
459,al jahra',29.3375,47.6581,34.79,19,5,3.89,KW,1696266067
460,princeville,45.7668,-61.2985,21.46,56,0,4.63,CA,1696266067
461,knyaze-volkonskoye,48.4642,135.4567,9.19,88,100,2.24,RU,1696266067
462,copiapo,-27.3667,-70.3333,15.83,36,2,3.78,CL,1696266068
463,umm kaddadah,13.6017,26.6876,34.71,28,73,6.64,SD,1696266068
464,mount gambier,-37.8333,140.7667,13.57,98,100,5.04,AU,1696266068
465,dryden,49.7833,-92.7503,25.16,53,0,5.14,CA,1696266050
466,aasiaat,68.7098,-52.8699,-2.75,60,1,5.9,GL,1696265844
467,auki,-8.7676,160.7034,25.46,92,52,2.4,SB,1696266069
468,alofi,-19.0595,-169.9187,21.94,64,100,7.72,NU,1696266059
469,parauapebas,-6.0675,-49.9022,32.99,62,40,1.03,BR,1696265946
470,dawukou,39.0419,106.3958,16.39,56,0,0.16,CN,1696266070
471,kolwezi,-10.7148,25.4667,26.57,21,19,2.62,CD,1696266070
472,kirensk,57.7853,108.1119,2.23,61,100,4.92,RU,1696266071
473,kupino,54.3663,77.2981,10.47,41,4,1.59,RU,1696266071
474,santiago de cao,-7.9589,-79.2392,21.07,73,36,5.14,PE,1696266072
475,meadow lakes,61.6247,-149.6011,6.17,96,100,3.09,US,1696266072
476,ghormach,35.7306,63.7826,21.15,17,59,3.66,AF,1696266073
477,villa dolores,-31.9459,-65.1896,31.04,19,57,6.67,AR,1696266073
478,menaka,15.9182,2.4022,38.07,21,54,7.26,ML,1696266073
479,kayangel,8.0823,134.7173,28.12,76,67,2.6,PW,1696266074
480,yantzaza,-3.8278,-78.7594,31.18,49,20,1.96,EC,1696266074
481,afif,23.9065,42.9172,29.91,12,2,3.63,SA,1696266075
482,miajadas,39.1513,-5.9084,33.32,16,23,1.65,ES,1696266075
483,daru,-9.0763,143.2092,24.68,86,50,4.75,PG,1696266075
484,thurso,58.5927,-3.5259,14.14,71,19,6.76,GB,1696266076
485,plastun,44.7561,136.2939,13.94,75,64,3.57,RU,1696266076
486,tarnogskiy gorodok,60.4997,43.5761,7.92,90,99,2.43,RU,1696266077
487,belmonte,-15.8631,-38.8828,27.82,72,50,5.25,BR,1696266077
488,nuku'alofa,-21.1333,-175.2,20.19,68,20,6.69,TO,1696266077
489,luwuk,-0.9516,122.7875,24.19,72,79,2.04,ID,1696266078
490,boda,4.3189,17.4695,24.2,91,97,1.75,CF,1696266078
491,anloga,5.7947,0.8973,27.62,76,12,5.26,GH,1696266079
492,bandundu,-3.3167,17.3667,29.69,56,59,1.37,CD,1696266079
493,vorkuta,67.5,64.0,5.13,90,100,7.99,RU,1696266080
494,taro,-8.3862,115.28,21.03,95,58,0.29,ID,1696266080
495,sao gabriel da cachoeira,-0.1303,-67.0892,33.89,62,40,1.54,BR,1696266080
496,vetluga,57.8557,45.781,12.11,70,100,1.74,RU,1696266081
497,gympie,-26.1898,152.665,13.65,97,6,0.89,AU,1696266081
498,minas de marcona,-15.2119,-75.1103,18.79,64,74,6.76,PE,1696266082
499,tekeli,44.83,78.8239,11.51,53,94,2.06,KZ,1696266082
500,brookings,44.3114,-96.7984,29.19,48,0,9.26,US,1696265765
501,skovorodino,53.9833,123.9167,4.15,83,80,1.95,RU,1696265975
502,lodwar,3.1191,35.5973,33.61,30,40,5.72,KE,1696266083
503,tolanaro,-25.0319,46.9987,19.04,77,75,5.14,MG,1696266084
504,ciudad melchor muzquiz,27.8833,-101.5167,28.97,60,49,4.26,MX,1696266084
505,cururupu,-1.8283,-44.8683,32.35,51,77,4.29,BR,1696266084
506,moapa valley,36.5805,-114.4703,19.96,39,35,0.83,US,1696266085
507,usakos,-22.0,15.6,27.04,19,3,5.63,NA,1696266085
508,mandali,33.7499,45.5541,29.1,32,70,3.4,IQ,1696266085
509,karabash,55.4808,60.2157,13.0,75,100,2.15,RU,1696266086
510,geraldton,-28.7667,114.6,16.23,51,75,5.66,AU,1696265815
511,essaouira,31.5125,-9.77,34.72,29,54,3.6,MA,1696266086
512,lamarque,-39.423,-65.7021,20.12,40,100,5.62,AR,1696266087
513,smara,26.7384,-11.6719,38.96,10,0,6.97,EH,1696266087
514,windhoek,-22.5594,17.0832,34.27,7,0,4.63,NA,1696266088
515,areia branca,-4.9561,-37.1369,37.11,52,42,8.74,BR,1696266088
516,nykarleby,63.5228,22.5307,8.34,95,100,1.67,FI,1696266088
517,ikovka,55.6089,64.9375,12.25,63,64,4.01,RU,1696266089
518,sarpol-e zahab,34.4611,45.8626,25.0,44,96,2.36,IR,1696266089
519,ulan bator,47.9077,106.8832,-0.93,86,40,0.0,MN,1696265937
520,wau,7.7029,27.9953,27.28,68,83,0.39,SS,1696266090
521,port blair,11.6667,92.75,26.02,94,75,1.03,IN,1696266090
522,tonj,7.2737,28.6822,26.87,73,96,2.43,SS,1696266091
523,merta,26.65,74.0333,27.94,30,0,3.81,IN,1696266091
524,labrador city,52.9463,-66.9114,7.95,53,75,5.14,CA,1696266015
525,colon,9.3592,-79.9014,27.77,78,96,1.34,PA,1696266092
526,valparaiso,-33.0393,-71.6273,17.13,67,40,4.12,CL,1696265940
527,kadisehri,39.9957,35.7919,12.34,83,100,2.32,TR,1696266093
528,noyabrsk,63.1994,75.4507,10.13,80,100,8.49,RU,1696266093
529,borba,-4.3878,-59.5939,41.97,18,99,1.55,BR,1696266094
530,atamanovka,51.93,113.63,2.95,62,6,4.02,RU,1696266094
531,dzhalagash,45.0833,64.6667,16.11,41,2,2.9,KZ,1696266094
532,ataq,14.5377,46.8319,24.92,60,0,4.98,YE,1696266095
533,kodinsk,58.6881,99.1844,-1.98,93,85,2.09,RU,1696266095
534,mahaban,27.4333,77.75,27.05,31,22,1.95,IN,1696266096
535,copala,16.65,-98.9833,30.79,66,71,1.97,MX,1696266096
536,zanjan,36.6736,48.4787,17.47,43,94,8.26,IR,1696266096
537,broome,42.2506,-75.833,24.21,76,75,2.06,US,1696266097
538,ayorou,14.7308,0.9174,38.31,23,45,6.47,NE,1696266097
539,tympaki,35.0729,24.7685,24.5,51,31,7.15,GR,1696266097
540,maragogi,-9.0122,-35.2225,26.94,64,3,4.33,BR,1696266098
541,jackson,42.4165,-122.8345,11.33,82,100,0.89,US,1696266089
542,solnechnyy,50.7214,136.6319,6.68,94,100,3.92,RU,1696266099
543,queenstown,-31.8976,26.8753,21.82,21,0,3.08,ZA,1696266082
544,marshfield,44.6689,-90.1718,27.47,49,98,4.89,US,1696266099
545,tripoli,32.8752,13.1875,24.43,60,0,5.42,LY,1696266100
546,nemuro,43.3236,145.575,14.06,69,5,10.12,JP,1696266100
547,likiep,9.8251,169.3107,28.49,79,49,6.25,MH,1696266100
548,homer,59.6425,-151.5483,7.94,83,100,1.54,US,1696266009
549,loango,-4.6719,11.8312,25.22,83,49,5.17,CG,1696266101
550,wainwright,52.839,-110.8572,11.02,65,24,4.57,CA,1696266101
551,bel ombre,-4.6167,55.4167,27.91,78,20,6.69,SC,1696266102
552,aliwal north,-30.6937,26.7114,21.59,22,0,2.53,ZA,1696266102
553,chalon-sur-saone,46.7833,4.85,24.01,40,29,4.17,FR,1696266102
554,qamdo,31.1667,97.2333,6.16,64,18,1.91,CN,1696266103
555,maumere,-8.6199,122.2111,25.19,82,41,1.25,ID,1696266103
556,ventspils,57.3894,21.5606,15.96,94,100,4.63,LV,1696266103
557,krasnyy luch,48.1395,38.9371,16.67,59,99,5.79,UA,1696266104
558,pailon,-17.65,-62.75,34.82,25,40,7.11,BO,1696266104
559,santa isabel,-23.3156,-46.2214,23.84,70,95,1.85,BR,1696265905
560,naracoorte,-36.9579,140.7383,13.88,95,95,5.59,AU,1696266105
561,stiens,53.2623,5.7577,21.1,88,100,1.54,NL,1696266105
562,camenca,48.0319,28.6978,15.4,44,2,2.58,MD,1696266106
563,oranjemund,-28.55,16.4333,17.07,75,0,1.71,NA,1696266078
564,heroica guaymas,27.9333,-110.9,29.7,45,100,1.24,MX,1696266106
565,yanam,16.7333,82.2167,26.36,85,100,2.41,IN,1696266107
566,cooma,-36.2333,149.1333,17.2,45,59,3.82,AU,1696266107
567,mariinsk,56.2139,87.7472,5.0,66,92,3.13,RU,1696266108
568,paragominas,-2.9667,-47.4833,40.04,22,76,2.19,BR,1696266109
569,murghob,38.1702,73.9667,3.34,43,0,2.34,TJ,1696266110
570,caleta de carquin,-11.0925,-77.6267,21.63,76,43,5.47,PE,1696266111
571,ugoofaaru,5.6667,73.0,26.88,82,100,5.62,MV,1696266111
572,quang ngai,15.1167,108.8,25.38,90,100,2.04,VN,1696266111
573,port-cartier,50.0334,-66.8654,19.86,43,93,3.85,CA,1696266112
574,lukolela,-1.0605,17.1821,25.99,74,48,1.34,CD,1696266114
575,winslow,35.0242,-110.6974,16.1,44,0,0.0,US,1696266064
576,laguna,38.421,-121.4238,21.16,67,0,0.0,US,1696266116
577,rahuri,19.3833,74.65,24.31,83,85,3.57,IN,1696266118
578,jiayuguan,39.8167,98.3,13.78,34,94,0.9,CN,1696266118
579,nova vicosa,-17.8919,-39.3719,32.76,41,100,2.47,BR,1696266063
580,kudymkar,59.0173,54.656,10.11,80,100,2.92,RU,1696266119
581,erenhot,43.6475,111.9767,14.81,31,15,7.06,CN,1696266119
582,mikun',62.3547,50.0771,8.08,87,100,2.85,RU,1696266120
583,cill airne,52.05,-9.5167,15.03,77,40,2.57,IE,1696266120
584,liaozhong,41.5061,122.7242,17.88,72,100,6.73,CN,1696266123
585,north bend,43.4065,-124.2243,15.04,93,75,3.6,US,1696266124
586,menongue,-14.6585,17.691,28.3,29,81,6.19,AO,1696266125
587,arambagh,22.8833,87.7833,25.49,94,4,2.75,IN,1696266127
588,xanthi,41.1414,24.8836,22.67,57,94,0.71,GR,1696266128
589,payson,40.0444,-111.7321,10.71,81,75,2.57,US,1696266128
